"y","x1","x2","x3"
16686.3306438746,50.5274476346003,206.959663412513,"A"
16430.978091974,50.1392418364334,204.758079815635,"A"
17050.7265599599,51.6617950567971,200.21151331559,"C"
11211.6624922178,43.3606618638186,200.542079443764,"B"
15197.9890675905,47.7771893536324,196.214801314077,"C"
16541.839553605,52.1339564481974,200.821643021497,"C"
12416.8640978414,43.3343730271205,200.029963366747,"C"
17172.6035823771,48.2391232330509,201.261267310848,"C"
17152.2257217688,57.6244644344612,200.140643129282,"B"
13060.1330653469,41.8454137561967,201.381992949458,"C"
14243.02966596,45.0777666515363,207.724001707843,"A"
17109.6922016983,51.4931394129218,196.243634864248,"C"
13911.5272474719,49.6731226796816,200.370821367976,"A"
12828.3843231212,43.3368066916716,199.30270994574,"A"
14542.8234439077,43.6925096988109,202.369301848891,"B"
16234.8821857163,52.1509344592561,201.553872003626,"B"
12782.2490778639,47.9377419184059,198.620939023739,"B"
13643.1768453458,48.8220628674128,196.024618925972,"B"
18617.067783453,60.480413067382,202.379366880938,"B"
13876.9633327426,45.5468759956715,200.977574213113,"C"
13254.945915046,43.9226935756802,196.534021871658,"C"
12711.499405553,35.7950322738669,197.527775405415,"A"
14339.9507672338,48.3578514415828,197.173898238455,"B"
15710.2153731235,53.6867800987733,200.844817086604,"A"
15945.2454774647,53.5648219349181,197.284436802297,"B"
15322.6796410069,48.4556141720468,194.28117152569,"B"
14771.0927423477,51.5527136258837,199.388711040212,"A"
15601.5273656228,50.5556034011911,200.429987155748,"C"
15629.5915615252,50.9442075088274,199.363814572009,"A"
16127.0935180175,50.3576943964547,202.921501544184,"A"
14441.5417943332,48.6795394403514,195.051669321771,"B"
17894.1014421953,53.5266291037495,198.927163436195,"B"
15872.6808918174,50.3902946936956,199.745194989345,"C"
17124.0212467083,51.6091874577416,200.51846778223,"A"
15832.9630395791,54.6360866450619,199.903632680825,"B"
12527.271767578,42.4067208651252,195.874729630271,"B"
11581.4311163253,38.6143616908944,198.773742443626,"B"
14983.2507014572,49.3589953180385,199.369169417479,"B"
17521.7618428216,59.2663151081918,199.37430748652,"C"
15678.1707409009,51.8573547610806,198.629204372706,"A"
14161.9307881565,45.0424516373957,197.424012337332,"B"
11667.4049932706,44.1764633809555,194.906099748235,"B"
15236.3607319593,48.8878598563401,200.073040072754,"C"
18350.3075261661,52.1617652099196,198.699353242943,"A"
15492.2974186157,48.9276106209444,193.248164735997,"A"
13020.9339022689,40.6334209932663,201.467823114733,"B"
13457.2449863816,39.0396103591453,200.221433735502,"B"
15708.8563834978,48.5195908499633,203.44363733399,"A"
16003.9516728577,51.9066089831124,198.224506994547,"C"
14534.5445281517,50.3101589105383,200.881890793374,"B"
13554.5242703972,44.8650536131888,196.481742573478,"B"
18736.7883171311,60.4302183792194,193.808778832843,"B"
15103.2194814286,49.9157733701111,202.86957874113,"C"
15073.6369672818,49.7895308194501,199.723622857665,"B"
15245.4190021205,49.0858671359219,203.802160603399,"B"
19539.6898587887,62.2633488594196,200.310655560729,"B"
14569.7744524176,51.8321022034946,195.267562777841,"C"
17115.124474568,49.5605356511215,200.862456912723,"C"
12268.0947128908,41.5346307326105,197.964873936784,"C"
13533.3544198135,46.05303885065,197.322079711997,"B"
19934.5453918687,59.4729663173688,214.460428203989,"C"
14157.8527465935,46.618053871715,201.620653411253,"B"
14450.1524564515,47.6211766075083,201.104570683697,"B"
12482.9053079891,44.8726312703485,199.683109838147,"A"
15538.8568084607,48.0716527724492,202.588097118839,"C"
15712.1496984369,48.0965070565084,204.037704137928,"C"
16415.7188835912,53.9957183277155,203.955618582553,"B"
13836.9143603709,47.7323993023185,201.625419031381,"A"
14407.0985666202,46.0939242662251,199.402149694237,"A"
15893.7865238549,52.8304511865665,197.470000784585,"B"
16278.5036688666,53.9036149504922,189.754300842417,"A"
17854.1628742847,59.7789877351936,202.732007540262,"A"
16842.0776379393,53.1214145086359,198.557047374885,"B"
20774.83100526,67.6473663353386,199.296468413514,"B"
16565.7469103752,54.2800636923378,197.091870574969,"B"
18855.3256528054,59.0222017428496,208.681723221662,"A"
16176.7540317809,48.3242788938885,205.327370435915,"A"
14437.3942463657,49.0910755662538,198.976515474102,"B"
19015.6031452928,55.1528332618063,201.286513108169,"B"
12724.9366949564,40.9532387299946,197.657012002152,"B"
17927.2306307009,58.158114238662,198.760602974479,"C"
17678.5549695848,57.69556946644,201.927166967057,"C"
15520.8393464369,49.6746391522453,200.948294287063,"C"
17711.9045285711,56.8332527464644,201.153489446771,"B"
15447.5603747998,51.6508194348339,198.210979337831,"A"
17616.5553504561,56.2772408932317,206.683835220676,"B"
15537.8705829161,45.1770057254552,197.613522171354,"B"
15005.3571015951,50.007251997704,197.71680315052,"A"
13290.0553118458,48.0595442365249,203.376619131422,"A"
17461.4883862314,57.297635018317,197.32437724683,"B"
11896.7151307395,39.5084457365837,196.117500357483,"C"
13421.321435388,45.8381430431347,201.547636811444,"C"
16123.9734033052,50.5869905676458,199.163188684473,"B"
13053.4319062647,45.7317535227542,200.505605459405,"A"
16776.7125714395,53.1674173021482,201.954399973556,"B"
16506.3583304867,53.2569546470469,193.111415677962,"C"
16525.7055971483,50.9075923514597,201.598925097978,"C"
15118.7990053953,47.8551872706462,199.599661118236,"B"
15308.1572429936,51.2596474900968,198.984156686796,"B"
15273.0884589001,50.2786295440878,201.199608355672,"B"
15858.9475376039,51.1547821200519,202.086570672777,"C"
16555.2081635905,45.3507798338555,199.429154767856,"C"
13527.1475665713,46.6519616212353,202.189122319663,"B"
17351.2292147916,52.8661741311406,198.394169090017,"A"
16042.3263823204,49.8092744899632,200.329993772141,"C"
16818.5492523455,54.9075805933758,194.912298972995,"B"
18303.6662101319,61.0350765923627,199.396736833979,"B"
16842.7741701629,52.0346979898523,199.776494071753,"A"
18257.753458354,58.7459059681686,199.548723935763,"A"
14904.6798102999,53.2171411362081,197.779329927764,"A"
13915.4397716174,44.6936295124298,196.736193980751,"A"
12903.5105738714,44.3981239907188,198.576833906681,"B"
14763.6903506619,49.5878383554658,197.998818046669,"A"
14747.1405202828,47.8878868664705,196.853715970492,"C"
14926.5839461141,49.6178431165436,195.770068520756,"B"
15784.0007813408,52.7453939493206,196.665737675052,"A"
17437.6182150912,59.1113725858431,198.907583614089,"B"
16138.7901122414,51.6255354646784,201.261985511016,"B"
19067.0034766942,63.6235961577828,199.041709322936,"C"
14312.8117278513,45.3999170836379,195.6396795315,"B"
14459.6309880314,46.3859936591399,206.284903831877,"C"
13423.5707890744,39.90805086241,204.832645682085,"B"
15436.6347872835,48.3019347538313,200.172957299705,"C"
12696.0472021058,44.8100582921262,202.08839067643,"B"
13194.2509370274,43.2700039879121,197.959987395657,"C"
16464.2368298262,52.7582466671366,200.827077814559,"C"
20945.7388901808,72.421657637758,200.999043060694,"B"
14842.4169403174,51.6909865024285,200.456047056328,"A"
13274.8856306088,41.868052437843,198.659094680393,"C"
15545.8399658049,52.5128606052401,198.87798735253,"B"
16009.7406910222,53.2974377405261,205.207581093603,"C"
20759.7227843602,63.347267044369,199.055202392613,"B"
15725.5108121804,49.4832876973532,199.920573302739,"A"
20106.7509861616,63.6564683545288,202.23066630126,"A"
14344.3798743618,45.0919351327155,199.492805077884,"C"
15561.5394094582,52.4908720825051,190.66225169992,"C"
16468.8759298997,48.8807238042722,198.723817443075,"B"
15397.21126371,49.4693439284745,197.660198803643,"C"
14163.1501500684,44.0906070987589,198.769503097515,"A"
17163.1691873208,55.7747638785266,204.971341606778,"B"
16701.2840734677,53.4394028913247,198.608354881186,"C"
14348.1095612575,48.1048722808554,200.073768835532,"C"
14111.1298938588,47.2608961881832,200.875533757266,"C"
12148.132086637,40.3659011117335,198.948658510618,"B"
14481.6842891038,48.8518641778654,199.030223145489,"A"
13767.1057340885,45.1148405472702,200.099717412457,"A"
16935.2875852494,55.2875607314376,198.692878796506,"B"
15759.4316624016,50.8538028035484,198.418189500911,"C"
16551.578272872,60.0000438756863,198.638366043014,"A"
15999.9621583816,51.0050169666734,196.925280462212,"B"
17551.8881154539,55.8043378679351,205.203338974704,"B"
19295.2720012261,55.0646966938406,201.788791792027,"B"
15181.0976031353,50.2004104847104,199.282186042403,"A"
15644.0130012958,50.5280140342244,199.992543282776,"A"
14568.0058802271,45.4741568869465,203.135963856247,"A"
15032.236695383,51.7223705891608,192.021648952221,"A"
15816.8477981966,47.7085699710403,198.220415298024,"A"
16077.375064377,52.6157211808982,198.02154178351,"B"
12767.4127455426,47.0387633254994,199.848667799541,"B"
16369.8496375509,56.7672910959911,202.933217328657,"A"
14465.2736330526,46.5561897416983,200.423627344635,"C"
15013.5663457836,51.8216560134842,205.784113742988,"B"
16543.0185269155,50.7141108193495,202.334671908218,"C"
16518.7383851188,50.7698756620783,201.805875876079,"A"
14790.2202140334,47.2914416510077,198.617616595578,"A"
15209.9756481355,50.773054589954,196.299129069353,"C"
13898.9015559399,47.4235534963988,201.919845444576,"A"
14929.7524931764,49.6655316930312,199.126759192289,"C"
16747.801643723,54.1811160559236,201.305700273019,"C"
15804.7278215788,48.0098666171561,198.082712385099,"A"
15124.766340038,49.4703567998293,197.682954932899,"B"
19483.4933766559,62.1800658738284,202.858005773673,"C"
14034.4620652496,49.5019608532885,200.018463457742,"C"
16125.0089478349,54.542727299754,200.126979641239,"A"
15051.8035780578,49.524576246389,197.156405099754,"B"
13759.5651804879,45.8924178432197,197.236486337898,"C"
17983.4802120237,53.9461711666523,198.200590485217,"C"
16919.260972208,51.3753067542679,204.381592288081,"B"
15037.2892663432,53.8164879330798,201.0287656116,"C"
14459.2477224278,44.9887984316076,199.626826145212,"C"
15587.9464227353,52.3398823760178,198.352472719853,"A"
12842.5423726645,45.6058009565638,199.373075923414,"C"
14686.7731492584,50.0395179149673,198.639772688017,"C"
18788.4060776416,59.2148573099045,198.90168616638,"A"
13131.1583140879,45.6446454994126,201.886797642812,"A"
16314.9906103172,51.8772003002295,204.068927345764,"A"
16265.7599239344,50.8751265130831,202.603994265168,"A"
14667.1851983579,46.6072691302773,197.148487364614,"B"
19214.1566014649,57.8280123454154,198.465662918812,"A"
13273.3114114082,43.8419449246942,199.377997509911,"B"
15597.3853144253,49.4744824606578,201.296193826048,"C"
16126.8623350533,52.7324553094721,199.93567819974,"A"
15185.2087290939,50.8553405312427,198.225178911731,"B"
14428.7325562047,46.5947961239188,198.0084623744,"B"
14706.4417595664,47.7714132385978,195.284293102413,"B"
15266.4560900663,48.2139158794595,204.058006137471,"B"
13985.517002299,46.421633814277,198.481856941897,"B"
18010.3484045577,51.7783141232216,200.807824896811,"A"
10654.9449057284,35.4369503667296,200.823787353915,"C"
13563.2162018006,42.9763110084969,200.061241193004,"A"
15927.9045076487,53.4185344863267,195.857655306831,"B"
16934.0574470085,55.4392590133473,197.370583670886,"B"
15794.6102928009,48.2969926884388,196.640355598449,"B"
18087.0172812649,56.2232293483277,197.015033929851,"A"
14377.2462857591,45.8262049099322,201.972566900527,"B"
18369.0908205096,61.3935518123662,196.573669349313,"A"
12699.5024180272,42.1683191671763,204.010728466714,"B"
15104.8293072512,49.1717464586248,200.095486660089,"A"
15300.6926285627,45.3520085915127,202.847219838345,"B"
15388.8341006209,48.0346435359682,198.805856063599,"C"
14506.1192911488,48.3840299548836,192.097896020119,"B"
9381.20773178713,37.2576919751193,200.466649315306,"A"
15049.1300448339,49.0013508265991,202.01845760107,"A"
17384.7091408602,49.0995285793714,199.839871543604,"A"
16236.6981143126,49.2747436204293,197.867409268439,"B"
15559.525596234,46.126911615022,205.340376198796,"A"
15810.3168136485,50.8098589940716,204.134271560212,"A"
14950.6963086804,51.8846627793983,202.156870352462,"A"
18482.5771812079,55.2484975584031,200.297589379745,"B"
13976.3530844457,45.8996537674075,206.039390740355,"B"
15720.9372596898,51.8360758401256,197.055392821154,"B"
13650.3720802286,46.2768343370357,192.159814955003,"A"
15669.2789416946,50.2690640053374,202.60912873143,"C"
18587.0709199023,58.8912666227423,199.691041361252,"C"
15579.3801889645,51.5561739845369,198.290082153821,"C"
15245.9268995016,51.1686650696425,195.762411039637,"A"
13488.8026284156,48.4357470369377,197.277682979187,"C"
16124.2660421408,51.7388263173859,203.061665828319,"C"
12425.35058033,36.4967658518408,202.440440480371,"C"
17703.9235559542,53.364874979009,202.933864319293,"B"
13441.3925916597,45.1600789053899,195.417542567886,"C"
19714.6414920473,64.5536886337859,198.792668262438,"B"
14925.7054107326,51.024568306197,198.832901708464,"C"
15232.7697787961,48.649244050705,201.328957662892,"A"
14814.9365346673,48.7974240998117,199.405494687054,"B"
12249.3787550663,40.3374046573175,196.006136012858,"B"
12383.4501698346,44.3352014234519,200.700582672039,"B"
15283.533511537,49.660294487267,201.446056335627,"A"
11631.310330392,39.9227476642373,201.908499849838,"B"
14395.553054641,45.6546286503153,201.900824424528,"A"
14347.7137167821,45.9159790199327,195.973363968936,"A"
14047.2010816724,49.3452402318607,205.839631845767,"C"
16536.0769016477,50.6549621604033,200.745599953359,"C"
17482.8731812876,53.1846859816576,200.945179907386,"A"
14950.9265111417,51.369600976828,198.048668923578,"C"
14502.7077932724,48.5335442531431,197.580033347634,"B"
18367.7106241598,56.3236778470134,205.637758723676,"C"
13435.967413581,49.750304221091,200.454980110156,"C"
17417.2993702124,55.1887953524262,198.577021985084,"B"
18277.4502054714,58.3653882633029,193.573657845897,"C"
15741.2208686568,48.6378340701023,203.329419761779,"C"
13603.8251788957,47.1684680585891,195.275926742884,"B"
15672.5780184992,47.5074544578353,200.395264905887,"A"
18319.2668278924,59.3559715715999,200.2990272741,"C"
14475.8935435661,43.8079974821167,203.826481399123,"A"
17643.9011824174,53.6403317896678,209.733131832006,"A"
16399.1172204384,54.3253450354383,197.517519753814,"B"
16488.7763974445,52.091497480372,200.932831257104,"A"
15111.1649282003,49.4424849164436,200.137113334405,"C"
12917.6427017115,41.9570616718905,197.501283476474,"C"
12530.7317475763,39.7013356823534,196.101901564092,"B"
14055.1148271738,51.8057388815053,196.765538836061,"C"
14617.0797937367,48.5054456903004,200.673361829023,"A"
14181.7878502755,37.060083805087,201.858541640878,"A"
15640.799424073,51.2881963958395,195.608745841962,"A"
15393.7877183551,46.1544943097322,206.095321820843,"C"
21800.7999545872,66.0998969648105,202.22920928498,"A"
15842.0655554781,49.3456639319866,202.257584639226,"C"
13939.1863628893,46.7008489997503,201.089726026079,"B"
13668.4728379531,41.128831350422,202.974736061624,"B"
13871.5737320416,45.4259535245603,198.818100755606,"A"
15772.263147558,45.7304982697162,201.863552653836,"B"
14224.3902400564,49.1740399155659,197.416779983652,"B"
8616.14422929473,36.0993381264362,198.740729848267,"A"
15958.5230255618,47.8779815999884,207.68091307728,"C"
15863.400767402,50.666404233301,204.309383745236,"B"
17123.9890334809,53.7558943620937,202.58620354966,"B"
15983.1428859843,48.5254479396858,200.280737130807,"A"
11445.3550740396,41.4363205928466,201.372073057064,"B"
19126.6099098464,57.076171965629,204.814793475199,"A"
15542.6269246193,54.1188389487277,193.97992293649,"A"
15062.0409421351,47.7065401598363,193.431790543721,"A"
12423.3699053965,49.2006826719185,198.270920004244,"B"
16258.295442004,49.3713613259992,199.914634340763,"B"
16785.8354082415,57.1813917645446,197.604857084536,"B"
14383.0335921997,46.1030451105174,202.344805435727,"A"
13031.8559986537,41.4902494539531,200.582398831486,"C"
15636.7532101841,50.1490107398409,201.301982155042,"A"
16227.6822097665,49.7430671568037,198.077026001977,"B"
13298.0394593959,43.9851352902593,201.394031028162,"B"
12501.3001578806,42.7364362705195,192.767606726048,"C"
19426.3043365332,57.0670743590396,197.688240356026,"C"
13689.7673298231,48.3733945290347,198.411347096552,"C"
10730.0001870504,31.8938866117942,202.60784913306,"B"
16019.9990143762,52.7958473821223,194.48315672708,"B"
17391.8956730868,59.0849723204221,192.39102482738,"C"
17886.7359861346,57.8833101121562,202.813254232522,"A"
13396.1139364951,50.881577719657,195.53350370198,"A"
19513.7394779442,60.32173691245,198.596530651144,"A"
15151.5847539468,51.0756485755132,199.316413811406,"A"
15956.7136243588,51.1626543994712,205.510523241419,"A"
17688.1335504635,60.9294667819014,199.755153309134,"B"
14085.0703472709,47.5434735837465,202.754338201582,"B"
15329.9384436893,51.9713221247195,199.625286728914,"C"
15493.9563591242,50.9770075805214,197.243263466086,"B"
14932.2787297996,48.154448675084,196.545905479647,"A"
16504.8837060295,51.8824806846511,196.742823594525,"A"
15534.5069798282,49.576417682781,202.387958781949,"A"
19203.6262433664,57.699741151344,199.804865403493,"A"
17328.7406026463,55.6676346119968,195.459929698658,"B"
14175.3825996183,47.1593487909792,198.719243122901,"A"
19649.2789667713,65.0993497394149,200.61128731859,"B"
15274.6876407746,50.3183744493734,201.143883426103,"C"
14647.9571132433,45.8170406333591,201.224173100466,"B"
14363.5420880976,49.0061510767398,193.549094768229,"C"
15174.9137725623,50.0855002755923,199.253154835137,"A"
16700.8906756786,54.7603283630459,198.207663777484,"A"
16282.3559383105,50.6036561985758,199.337172810995,"A"
15822.2424971841,51.831663226196,199.645560301423,"B"
17226.4017905831,50.9969091050844,200.442400136552,"A"
13259.3581103727,42.4067448499292,198.977515230579,"A"
17778.2743830308,53.2399058900651,200.101535230323,"C"
15495.2995420201,46.9239425321681,200.988133469173,"C"
12903.7054659262,43.7592634791847,198.182429466379,"B"
13583.6907797838,45.4801324861497,202.314406494259,"C"
17363.2428460996,54.6695030893205,208.508242412799,"B"
18983.2501209938,60.0732327354088,205.859394533153,"C"
16088.8258396994,51.0060806673591,198.750536241477,"C"
12663.5872833928,46.8578616062573,201.402049681284,"B"
15147.7952682466,48.7843762692079,200.922452304633,"C"
14102.8677686433,44.9971179724317,202.721905360866,"C"
12545.2736175807,42.1456301125987,197.796074781046,"C"
15987.6066568043,48.9028022434338,200.506069792992,"B"
18222.4688969559,54.4115459923354,200.71551920644,"B"
16344.4902821203,51.2675561434034,199.150414906577,"B"
15938.6298067356,49.9442307345082,203.824665417247,"C"
11119.9143214279,39.508194106755,202.633599670022,"B"
15404.6718991344,46.2764321176952,196.22691497301,"B"
11447.5958811972,39.297550122448,201.227678799153,"C"
16958.4317270177,53.7606345616503,200.71125949827,"B"
16480.8916402489,51.0437495149154,205.737333037295,"B"
15508.8058131567,54.5752467932218,200.428925441558,"B"
13926.6380142714,49.083514948857,198.829274624433,"B"
15507.3049548787,52.3740547340658,198.967762309524,"C"
16155.4856732331,52.5102943691064,200.452929968682,"B"
17815.630298465,55.9567074787979,207.286692253233,"C"
15012.1282836167,46.8825148056275,200.84771497173,"C"
15503.7216007303,50.7812843984512,197.291741019251,"A"
14709.5682688833,48.1759245453892,202.065235472855,"B"
14027.8280934344,45.8162594873528,194.561254961446,"C"
14532.6607966439,46.4059684392579,201.211647247672,"A"
19929.8452426286,64.7940461004414,197.221336759567,"B"
14627.5743296802,50.0618935759685,197.638934404317,"B"
16230.1471349052,49.5010661950254,200.021440318996,"A"
15256.1314179013,46.0199524767921,201.69007125679,"B"
15393.6362993123,50.4775337771848,196.807946402652,"A"
16123.0074781305,47.7119394880081,202.067048469681,"B"
16412.4595156373,49.3154544166568,199.486683882484,"B"
15269.2733765754,51.6294262603335,200.325698999495,"B"
15857.4252444966,48.150154176471,208.326298527246,"A"
16097.5477935781,53.6989581709651,199.832926183081,"C"
9552.8949595133,45.6301116694185,196.695248533394,"B"
14866.1802059071,49.8833072171241,203.623779602252,"B"
15227.3868408583,50.6789238135778,199.11849656941,"A"
17869.5049657465,53.2325183968638,205.640281042815,"B"
14896.2012727742,48.94178055868,195.490614576934,"C"
11999.0464416052,43.9309278076539,195.096786996568,"C"
15643.1882633692,51.1009823144904,200.73518392192,"B"
12911.7175331023,46.5785836219948,197.695718437923,"B"
12715.5176333053,43.1138757317237,195.432369020651,"B"
16077.2472386767,55.5035720731714,191.836548516413,"C"
10446.0095367515,38.8605030186647,192.172705292035,"A"
14940.6992773492,47.2671046940125,197.676546205493,"B"
15434.4250936531,53.5548615720246,202.517859364908,"C"
17190.2179419605,57.0986796542328,196.996523063461,"C"
14698.7870942492,46.2281382017717,201.874762191727,"C"
17598.9114091742,52.4471065173765,201.77608702545,"B"
14257.7260821958,49.6517814263117,200.081101097964,"B"
14004.099646282,45.4369132998172,199.958586544321,"B"
16499.583691562,53.0756585532071,205.349022805205,"B"
16794.147461811,58.6354094146376,187.697307588705,"C"
21839.3068222945,61.421358933295,197.855372580862,"B"
16463.2106826596,51.2287790084531,200.02118811297,"C"
15228.7411838505,51.7130620934461,199.738309789433,"A"
15697.9937924983,49.832746502052,204.159556718832,"B"
12895.3733448015,42.2557615343578,195.763474970573,"B"
16301.0071620295,54.2367699655343,200.315118558464,"C"
15457.2506289214,50.8492009671196,199.058142449045,"B"
16912.2632486634,47.7931680889687,200.686540219456,"C"
15952.2390085322,51.6505826878292,203.508685513544,"C"
16459.4929208436,55.9509101911187,188.541129267413,"C"
14903.2387806499,54.5752328943661,200.784430968033,"B"
16492.4391917109,52.9190910843943,199.339415767991,"C"
15043.3695351523,46.6867799006712,199.22180284889,"B"
14822.7592504491,46.8492285537886,198.425376277225,"B"
16431.8734795523,52.1208336657934,203.38941619647,"B"
17630.0444427738,53.8336823554158,203.593403442438,"C"
14404.8842206349,53.3957896032782,196.290128090273,"A"
15156.4757983312,51.0274541064319,199.193973163121,"A"
17360.4547561945,56.2722436828041,204.762469495127,"A"
14299.6434081354,48.1956708211228,189.075846172551,"A"
15017.170773751,45.4125726858698,201.898919278197,"A"
15034.7280404045,47.449414889289,200.178536741973,"B"
17976.5293814373,58.7912917224741,197.400703819986,"C"
14896.7121163021,46.9992885015894,199.4149252954,"C"
15140.4766163427,49.8038413113874,200.285878034593,"C"
13145.8363928587,45.949593672614,197.95271681475,"A"
14629.9117199688,48.9351538826753,199.067745669144,"B"
14309.8305194191,47.6018222419525,200.478069029259,"C"
16310.4131754439,50.2681095408193,204.586905868675,"C"
18253.0099153557,60.5176004194312,198.259478776285,"C"
17206.6297778198,58.423136100931,197.513961260037,"B"
16511.6483001574,52.0904890641873,199.901438012646,"C"
17293.0446641843,57.8769124024007,199.333853204349,"B"
14858.1992727103,47.836789064796,196.825788254562,"A"
14056.2406180448,45.2334745407209,201.728222908155,"B"
19605.295520926,60.0635680060456,197.954654194935,"B"
12793.3897402841,45.4411547311818,201.99705587619,"A"
15512.7187408585,48.6106277992537,199.839833486765,"B"
15389.2100074138,49.8732843843942,202.634399058092,"B"
13750.0828355286,47.0983183886822,194.38063874084,"C"
20118.8359218324,63.291903641032,200.922235112873,"A"
14052.5819453265,49.6438839981669,195.852077330165,"C"
14693.5784471155,46.2295169134439,201.068061346646,"C"
14999.7545904745,49.5026890072768,204.563901085031,"A"
15627.517613509,50.6415834273488,199.174257478182,"B"
18593.0610303797,61.1954724583133,200.66790852796,"C"
13095.9752069022,47.3476716293914,201.117049112929,"B"
14863.8674316901,55.098319636213,201.185149028876,"B"
13689.6603864406,44.9209459494262,200.557612903612,"A"
14391.977973002,46.6400893330062,197.022542415134,"C"
9654.86871661841,43.063298413779,199.133633058394,"B"
16143.7592660495,48.5444221265786,202.758379911566,"C"
15836.2366935862,49.8264504208468,202.297155566239,"A"
16955.9334280589,49.6662417073702,207.271112057151,"A"
13900.2788222663,47.7327792837299,199.161349506058,"A"
15401.7684870282,47.4237901379726,202.236858243163,"A"
14389.512392372,48.7960140071555,202.437091915068,"C"
14570.6990548224,44.0404919217384,202.346109859591,"C"
16399.6140314883,51.9171972390524,202.541688717758,"B"
12785.4791908353,42.6216963552888,196.609717122754,"A"
15537.9845830793,49.3901292793138,202.724288892454,"B"
16617.6533190314,52.0006765251557,200.353756423829,"B"
11890.1962927621,42.0341450704009,200.67817402833,"B"
15349.047759507,49.3612168037586,203.285022758708,"C"
16886.5385322665,52.334447102417,206.405732448132,"C"
16018.6135204876,49.2897809495713,202.703907965005,"C"
15187.1748156066,48.9848941061569,194.786796912308,"A"
16074.0125654636,54.7963349381625,200.358781795312,"C"
14790.0119490801,48.6640740497003,202.07368428982,"C"
17238.8334065248,56.4409159704065,201.444564834949,"B"
16073.4120706518,50.3582664937308,197.1164978364,"A"
16571.8601445271,49.3836516849856,203.870883396013,"C"
15725.3994110963,49.1847571495359,198.317644910367,"C"
14264.4838756795,48.5605602321585,201.398773582491,"A"
16147.2388225525,52.7785674548467,201.566822627184,"B"
13784.0589347138,40.5505878156784,200.868561138561,"C"
15690.7203463795,51.2696945369323,196.839099214294,"B"
15020.7677607601,50.7293328189251,198.577777652752,"B"
15600.5332339963,51.4701615192058,201.620471633165,"A"
16390.1235719938,51.5047297217202,204.549511648146,"A"
24683.9196110118,74.0164564140784,204.46912952696,"A"
15246.2385621434,47.8160350432912,201.015099907804,"A"
13033.4844023669,42.7111354127932,199.301589110204,"A"
15242.3075924747,49.722667409198,203.729105088435,"B"
14211.6896873401,43.7322034986157,207.043873006456,"A"
18179.5254915083,55.0168574046644,200.114942535642,"B"
14554.6247557202,49.8116722657025,202.221868630352,"A"
10216.8132417703,39.5461579662599,199.081547367215,"B"
15914.9866058789,47.8851567239339,201.969852150122,"B"
16472.2097866492,55.0818459285765,192.758032571166,"B"
19206.8707872417,60.988888516339,200.741440052932,"B"
13717.6866524631,49.0993679940079,196.981726689211,"B"
15920.1065237732,48.340605585061,198.056799587449,"B"
15599.3382443025,50.8302154022676,200.917997873807,"A"
16377.2732306816,51.8692784468852,208.385906380213,"B"
14616.7898850926,49.8675371845551,199.56068137944,"C"
13736.37307826,46.5834330107911,200.61802803862,"C"
17204.6855784368,53.2949122463986,199.200438838198,"A"
17050.9103828936,50.7997859181074,203.940164591132,"C"
16628.9572332222,54.4440598688054,199.311547687038,"B"
14579.1229464298,45.2326315021679,201.727379656826,"C"
15485.8023687525,51.4861454596478,201.928655213901,"C"
14202.5929858515,40.4149509260442,202.19724817283,"B"
16062.7296617243,53.0046215390228,201.665027478145,"A"
18374.8071973281,61.0060881367603,192.755901768979,"A"
10245.1234425615,34.4200699543988,201.027831067249,"A"
14897.551049902,48.3331265694804,198.697638231965,"A"
19140.0943164083,56.2294367799828,199.097774507054,"C"
15421.5923728658,54.2380869481592,202.498563033601,"B"
15550.3692529237,49.418862667176,200.407855752266,"B"
12773.3413756768,39.0804127193639,201.526666628726,"B"
14914.9929864294,49.6790949134476,199.331051055837,"C"
20573.3588929199,68.3664886796576,201.150084417429,"B"
16475.0560912953,52.9494973057857,199.785081532944,"B"
15640.9322293758,51.732157839053,197.319831457646,"C"
11749.2133600597,42.2559757846726,196.403512472863,"A"
14660.4318788523,51.5115169757062,198.097841806302,"C"
15511.9053991327,49.7040030592954,199.869291416295,"C"
14375.5859779525,48.8568342256963,198.567531708944,"A"
12153.8292766953,39.5820085707107,192.942650735973,"C"
19343.0982272346,56.6787191173769,200.574111963114,"B"
15228.7945553637,49.8354382771029,199.052035104075,"B"
14440.581368693,47.6837218435782,202.255312880435,"B"
16687.453332506,51.6290119081614,201.727848362641,"B"
17244.2495011904,55.2118867737848,203.510539502438,"B"
14610.6341108021,53.4046375872825,198.986434267595,"A"
16262.7703864815,51.2178105113096,205.246587406157,"C"
15310.6179817965,54.8274143664846,195.682249415906,"B"
15278.1148631206,49.6984647070795,197.545396739298,"B"
18392.0059988536,58.3235486352132,202.438204672816,"A"
14777.1631178965,48.1073497062105,200.902815120698,"C"
15949.8043758055,50.494867601887,204.640267183102,"C"
14380.943014561,53.0009629153884,201.410584124172,"C"
15817.8683826649,51.3468304093537,204.034188293823,"B"
14185.2003403713,43.7538980727922,205.582373266265,"C"
18947.2086684195,65.3353328863967,194.09317760029,"C"
15622.3404092241,48.0593501030134,199.54479347244,"B"
13380.8626381545,44.6151393932706,199.107567106436,"B"
15882.9946069702,53.1949985613642,196.90472075491,"A"
15147.3822215041,49.1082310061564,199.075884909662,"A"
15373.7702294744,48.7969708818131,197.603310558427,"A"
13913.3270714626,49.429402577572,201.252636027192,"B"
17574.1836332909,59.3754893243222,201.903700041858,"B"
14958.4189033148,46.7083534091607,201.963814414427,"C"
15424.433922406,52.2379249424879,196.229045578037,"B"
10120.416142413,35.8186003452307,196.970391334315,"C"
16849.01484155,48.4961552415743,198.491108348027,"B"
14262.3459879932,47.6426408393477,198.808179474128,"B"
14895.5062151346,50.335815824182,199.650021500848,"A"
15036.3304774941,47.1325924951567,203.617952086256,"B"
13997.4206718678,49.5315034437547,201.668533666116,"A"
15608.2509247543,47.5562247673761,202.208092228799,"B"
14659.0820130375,51.272569521564,198.653091321853,"C"
15438.7839516845,47.3770926910645,199.334010273914,"B"
17618.2188794795,55.2042374370921,203.682962650045,"B"
12725.2734442091,41.9114015550778,197.739697460973,"C"
15109.2339774103,52.3780608512408,198.727931699787,"C"
13000.0453958338,40.6586623072393,199.420590766275,"C"
15490.7747814436,52.6009439918246,198.696309644502,"B"
14524.5854473504,46.6974869861254,203.541676593122,"B"
17698.3872211109,56.5032533528528,198.619542688873,"A"
16155.3649021291,49.879134710183,202.159062135671,"B"
17995.3956611854,60.8610116452589,200.202838135057,"A"
14148.9556997746,46.4528784967164,202.801787664834,"C"
14208.6041294208,47.7788856305673,198.92403524001,"A"
14631.1721189126,48.7279517771846,200.128669649827,"B"
14754.6074467206,50.3710509627319,200.524755848985,"B"
15522.129723426,54.5343070888333,201.351644526788,"C"
15529.7071527344,47.8645134164428,206.04982472997,"B"
16518.6796752539,52.004621243279,208.059572613958,"B"
17274.5676568176,54.1793689473987,204.221472655875,"A"
14930.0394871097,51.8428660309651,201.471017282746,"B"
11423.3282445586,36.2011991361227,200.937011009488,"B"
14369.329601432,47.4769583761394,200.329103139128,"A"
15516.4316494472,51.0290991173091,200.860664611583,"B"
16138.3882680132,49.8669436421068,197.841659364535,"C"
15072.2315752924,47.0791444617508,204.917261003001,"C"
17699.9911959481,55.2078682093772,199.570858436292,"B"
17035.2646826682,55.1847300375012,200.209179439053,"C"
14041.9264813036,44.5824902125099,201.729752883291,"B"
18282.5330829293,59.480372097861,200.165046086924,"B"
14910.5490162322,48.3116542639929,197.58167068831,"B"
16192.9816621293,48.4143384272758,199.888319255215,"B"
15589.3100757404,48.5574696977898,200.832723745727,"C"
15553.9097586896,52.5088496936206,197.07231141443,"A"
14459.234143217,53.0623603851691,198.16290565067,"A"
14974.7967595102,49.8757676261101,198.423542647385,"B"
16716.8547024653,52.5554192152069,198.266920756348,"B"
16045.6796909152,50.5037720354642,203.846416896907,"C"
14235.7322307175,45.2721535531677,198.024133371629,"B"
15197.2393432055,43.3384081545549,201.728205649064,"C"
15993.5229583955,51.4866284260185,201.711402739665,"B"
16130.7609512144,52.1384404002414,200.497715835812,"B"
16281.200821751,51.4907167415805,195.023458004371,"C"
17738.2691098617,56.3967822063518,200.973662986431,"B"
11616.3074247172,39.1438274305814,196.663620995761,"A"
15060.2934389416,49.0495340676478,199.986966597797,"A"
15698.0034199716,54.3181054483145,197.118404397506,"A"
14866.2166756053,50.1747844015123,201.1543830754,"B"
16697.2953208042,52.0652030142443,209.686902092063,"B"
19575.5019168086,64.6527465690589,199.911593599526,"A"
16360.2591257289,52.0146728084573,201.592501777184,"C"
10834.5576690358,39.4649564130659,200.431546960638,"A"
15411.745937989,50.5002334964682,197.220349245271,"A"
17750.111536016,54.1090303280367,209.566521896745,"A"
10748.8932537424,36.4198981016577,197.658223744432,"C"
15080.7106750883,49.6286045594271,200.137026133417,"A"
14698.5055283962,48.2724481316599,201.917787908908,"A"
14861.9741836071,48.8265048210554,200.120195248911,"A"
16044.1442383154,49.1630852705621,210.519591527516,"B"
18485.6750588842,63.5163445848483,201.249926313347,"A"
15845.7654649012,50.1087605374069,200.6196148204,"C"
11470.9799526516,37.7549635761945,201.745497498764,"C"
12633.8312357201,40.936485135878,206.681188523068,"A"
13986.0588745681,44.0334363645462,206.322117473339,"A"
16009.8529300944,49.1929441474559,201.427360122875,"A"
16740.6254099232,51.9495686058537,201.653087795496,"A"
15033.3497130459,47.0069448306786,200.648371607489,"C"
15441.5800251824,49.3220126915133,197.564519612733,"A"
13450.9830280119,43.5294348853804,199.986763319719,"A"
15843.8057970714,49.6284470031352,199.160095493208,"C"
16549.0806474954,49.4610764471361,200.352007442201,"A"
15061.019914498,45.2692376151993,202.415309311732,"A"
13327.886029998,47.2026330139493,193.823364327526,"C"
18234.5791166899,60.3771464149232,197.989380267603,"B"
15412.9436273223,51.5071264655469,196.618977466052,"A"
16249.0197782946,50.8945791039586,199.640199462445,"B"
15091.4430550403,50.7358362294158,200.383009905362,"A"
12827.5678695038,44.6133192973695,193.639063505187,"C"
17271.6509139625,54.4458406099072,208.069488474912,"B"
16222.404504911,55.2822946918802,199.394666688659,"A"
15532.6166682768,51.4186085689359,200.071691647171,"C"
13100.4019222159,40.9755583392923,201.789183166251,"A"
13546.6001204807,44.3628233200527,196.399923319088,"B"
15446.2363552754,50.7712682314905,201.18734594748,"B"
12784.3489249129,47.3799932628184,197.653971856465,"A"
13707.2263544092,49.2794350536971,200.519313759376,"A"
16315.1179562034,48.1377931469601,197.880504474746,"C"
14151.7718926168,43.489936979624,196.447179364679,"A"
16722.3547022461,53.9574179159689,200.808776518688,"A"
14617.3991003149,45.7225735104851,203.535655071396,"A"
16133.268157903,50.8302336345498,200.615907140293,"A"
15612.3101354603,57.761194764333,200.300971852059,"C"
17748.1218987537,56.4367240310271,201.737179562802,"C"
15743.0091796879,53.0844015214929,189.816162454812,"B"
18899.2105911008,60.5667791150469,201.048930291491,"B"
13296.9573979229,48.5929913395646,199.656242174133,"B"
20955.5440095808,63.0542722852446,202.635834742507,"B"
16160.7336681256,50.9255190953931,201.176449787446,"B"
15208.7869825624,48.2418360558677,202.197611705625,"A"
14126.7340460942,49.1434921403669,198.585780425081,"B"
14281.4075225641,50.3508039166524,197.625307439608,"C"
15583.5054268929,49.6945978235318,200.719185781742,"B"
15800.9881031194,50.4656654173598,203.234251035444,"B"
14750.4866475084,46.2260545880427,213.779625063207,"B"
9909.62993657695,38.5954995578528,201.189147088033,"A"
14388.2256328829,52.5409687388958,198.214178175454,"C"
17579.4508637521,57.0557208614178,201.25108549898,"B"
14443.6633315475,45.3995673404718,203.128747351241,"B"
11829.9972696228,41.1042586428685,191.397755437118,"A"
14768.5807953677,51.1632928090185,200.654122932003,"A"
16904.1921817695,51.6660958345486,204.0700887887,"B"
16077.4862649035,51.2848920474972,200.419121801682,"C"
15462.3449665781,50.7516487717923,196.798385556937,"B"
18092.0641885431,57.4400197298374,203.07899419633,"C"
15852.1913901274,50.933736731796,200.716355811387,"B"
16198.3953189683,51.5733057849398,200.236346610228,"A"
13640.6820925304,43.8809159924488,201.749033040208,"C"
17264.6393437551,53.2729437700915,199.806238827754,"C"
15370.234277266,49.0052567479146,203.205077757857,"A"
12426.888022207,45.419528376929,199.142352316269,"B"
14667.0132711585,50.4435700296123,200.401593314215,"B"
16295.0737925304,50.6672773598319,200.902926209234,"B"
17783.7965146731,54.0152748447436,199.764054957848,"B"
17281.108699537,53.1311942938422,203.206279893597,"B"
23274.1538856394,71.6238847498868,204.149590629454,"B"
15227.3871974766,50.7849700543403,199.711077409426,"A"
16082.0613431612,54.0008324494591,200.977973859662,"B"
15220.0391993937,52.0022180575488,202.73201180171,"B"
12392.574677927,43.0044414685961,189.347723317165,"A"
17773.1705814828,56.025434021836,198.495504895503,"B"
15528.5613575488,48.895886776585,200.450176125634,"B"
13619.7538831496,45.4925865637157,200.279452224542,"C"
13784.0848702442,46.9031250745782,197.740160842305,"A"
15237.2678857142,51.5597950305052,197.58114716264,"A"
12376.9572897854,42.9152261926539,198.169602754218,"B"
14616.6568304012,47.4306591417785,200.971333215626,"B"
12888.882920953,37.8288697669057,199.488810558857,"C"
13639.6925724867,46.3441730757793,194.327815855275,"B"
12965.3304750725,41.9859369196776,203.64754107686,"B"
12660.5271830705,41.2488927157413,199.759906875441,"B"
15847.7224879638,51.31675821084,199.016897407742,"C"
13986.1237464143,45.8994898212111,199.705805832527,"B"
15681.9377466086,53.5118283561875,196.987682314004,"C"
17860.4012051126,56.924581491747,198.266387689093,"C"
11287.3172939821,40.6504433525222,197.48780464437,"C"
15893.9846353066,51.0934809872355,201.999438880269,"C"
18435.5489102369,62.1059547628689,198.098658253863,"A"
15985.5647717159,52.7917720196805,200.623181368619,"B"
14279.349489142,44.4018063348455,202.179245999846,"B"
15167.4186694908,45.6156015292492,201.167838393772,"A"
14989.0196948949,50.641096294453,200.338437123304,"C"
19038.7359432179,61.2594740208463,198.22313659764,"B"
14861.5347192017,51.2785719639813,191.757314832476,"A"
17662.5684765661,52.0129198154939,215.199891191629,"B"
19897.2082376004,62.3141567846199,202.349918085269,"C"
14801.9231535721,51.1513407484664,195.436798485355,"B"
17853.2374067541,56.7783833332309,201.534757897591,"C"
18060.806996343,53.9221598170215,202.378415083693,"B"
16442.1262919667,51.3594523624027,201.710654078509,"C"
15347.3926780119,53.6171316223247,203.110263004586,"B"
14547.6567134697,50.9010909517767,197.497704075914,"C"
14995.7766089645,51.5758955585972,196.538110187955,"C"
16793.9558716054,52.2560872398963,194.826797119258,"C"
13213.2993674595,42.0979235054097,196.425287367037,"C"
11998.2176618576,38.3377844596055,203.234388676748,"B"
15741.6359775993,52.1405866722847,200.531517563466,"A"
15206.0054340975,52.496091617492,198.81020825127,"B"
14665.1632697972,47.9400535627541,197.836392472177,"B"
14723.1491029276,46.7782767388498,206.054109827335,"C"
15209.160643334,49.0632767832782,193.597084366288,"A"
16075.456844699,50.1986115913539,201.14216444675,"A"
14241.0009481858,47.4163362717998,199.793849908042,"B"
15857.7160719026,48.3746936811938,204.6838034204,"B"
13277.2399175866,45.1724588569235,193.175487931666,"B"
14127.7810947995,48.0001963731602,198.399711658504,"B"
15090.5816581099,50.1011044437848,199.774040254432,"C"
20202.2969252826,62.1069491556635,200.060680434924,"C"
15179.4631757575,48.5778291446516,197.514150710307,"C"
15272.7415241435,49.2492150552766,197.191112230023,"A"
15966.8186059251,48.0371910064966,200.519699169959,"A"
15073.7532149204,50.370176163483,198.201392990226,"C"
13911.8922915272,49.4431985020637,200.716401949641,"C"
16942.0210679652,52.7701658700128,200.583947704065,"C"
14609.3995621892,45.539168496483,204.67783047873,"C"
17303.9977216413,52.5895231579316,198.267344204276,"C"
14852.9667540479,49.9023381162328,201.446140323285,"C"
12757.7083535117,43.4855780388218,198.3812001768,"A"
16842.7791074186,52.5632350936223,196.399119512098,"A"
14938.4758314099,49.4824558968881,196.006251351144,"C"
15180.6818525681,47.5619656634764,196.309142707208,"A"
15617.8312856852,50.2325939378565,196.651747459094,"B"
12532.4927554668,42.0852524419781,200.348159366516,"B"
14261.8999759399,47.08676016415,196.511190162181,"B"
14427.7690771383,45.5695254518771,196.092239735992,"C"
21847.6639246066,65.8484677308954,202.297880154521,"A"
15213.3568321902,49.9244966557065,200.87090440483,"B"
13531.0212225477,46.5376882791411,198.745582451666,"A"
13421.9407888436,47.1267299761384,197.790875662144,"B"
13734.9178295675,45.151744411751,204.66085288934,"B"
14372.6832646746,46.1471138083035,202.574319388717,"B"
16160.7596901412,49.7445950534924,201.23006968187,"B"
13828.2037401235,45.1192191478966,200.385766407756,"C"
17058.5311287613,51.4592582979154,206.615145316203,"C"
18439.0640241413,57.397512075804,208.810804473504,"B"
17308.0232810844,59.6986884493977,202.304640250695,"A"
14812.603554177,48.9495393358305,199.454283012109,"B"
15731.3371887804,50.1045618209605,199.874895528607,"C"
16425.4821160192,55.9912904782432,192.829342982674,"B"
15633.3298548311,51.2482161498412,200.128058060455,"C"
17108.5106331781,50.564157662681,198.724913393624,"C"
15792.6720324157,51.7481652922295,198.944409546114,"C"
20565.7857045933,59.1459448180879,200.272601914675,"C"
13397.4705881772,46.7855063043656,199.33941557214,"C"
17245.7178251582,58.0560851492378,192.065294345339,"B"
15834.393055659,50.002046276963,199.04417909582,"B"
14203.2762821957,49.3576285408451,200.249903666308,"B"
13778.0512820602,45.6438786552222,201.460823355585,"B"
13280.2150267764,47.017826952218,192.558960237393,"C"
13453.1928979534,44.1177781438049,196.487062187449,"A"
11079.1305436785,37.0697847368357,202.036983810401,"B"
17814.7224821095,52.6120822349172,201.540252657799,"C"
18031.0565324173,59.0386237071433,200.27342316579,"B"
16471.0979599341,51.5033102109274,208.3470924835,"C"
16190.8278384176,55.1369805427341,191.086117963363,"C"
17286.1381741305,59.3341560665937,197.489358082984,"B"
14990.4112518191,51.1635371091156,200.300229770966,"A"
16273.683844243,50.6283600444104,198.254316566269,"B"
14494.1928591816,46.1651396718986,203.94796864981,"A"
14397.2822506736,48.0100299455746,200.473923422935,"B"
12603.9663076239,42.997109096767,199.620927435836,"B"
16277.4885817203,50.182954454373,200.780729069393,"A"
19302.9583083081,67.297436209117,199.933383077708,"A"
17093.6053289183,54.2905388460381,201.508555192428,"A"
14801.6430560986,45.6766382278309,207.156510859618,"B"
13752.1396763023,44.7588883456396,201.329799587491,"A"
15429.9177549514,51.6231047458231,201.86178493748,"A"
11021.4986627716,35.6120728552257,200.557861248212,"A"
14714.2831578436,52.4205041848202,198.190572304172,"A"
14751.9848694475,50.8932505090454,192.605077002601,"B"
17861.9751181191,56.7031136953821,201.230330738649,"C"
16569.8833278337,49.9877846207358,199.039779641548,"B"
19787.8224619642,64.4846588076386,199.667974300963,"B"
13489.2471835734,45.9752555038316,197.408789689805,"A"
16489.8939493588,51.5634994381714,205.954510492546,"B"
17827.7710131176,55.2886737546798,197.508972845541,"C"
16433.0687829003,51.22139900459,196.970687202303,"A"
14170.8574263349,47.9851885766864,198.546918996659,"B"
16755.2197155816,57.1911443797894,195.883546766513,"A"
13318.2737190929,42.9136703974825,196.521499152495,"B"
13960.9611531717,44.2077560362307,195.809732501841,"A"
13960.541786369,49.6010989677413,196.667586495747,"B"
17913.3830929449,53.531230413314,200.42954282712,"C"
15380.9966211435,48.760194983081,199.515059597231,"B"
15442.8646655622,49.5148367962498,201.263443229405,"B"
13130.6148548444,47.7256620627971,198.364422009805,"A"
14991.4056352472,50.2840372322407,201.821994044317,"A"
13977.5986206908,44.2009256697506,197.915777760124,"C"
14718.6408379059,48.8984227977232,196.869236295324,"B"
12918.7838027146,43.5143434160559,195.312305714314,"C"
13909.9124956483,44.9342464479057,194.330329039945,"C"
15942.5738176892,50.1372628236487,201.677855585291,"A"
15299.1679551955,47.5857973841567,197.892527473627,"A"
13368.020126784,49.0858966876022,194.693674533717,"B"
13218.478262353,43.9089226625657,198.365704494273,"B"
20850.9050247852,71.647222766834,201.62445548437,"C"
16231.5807389061,49.6575620375479,203.352286983147,"A"
12985.5367206907,42.1322470297605,201.365611763863,"B"
15856.1505474953,49.5159781635093,201.11247350818,"B"
15558.1394031484,48.4885209790639,202.140296408207,"C"
18410.6391979854,53.7170875004083,197.682399925612,"B"
15523.0651476128,51.0857083588465,200.152184261926,"C"
12478.9772467758,38.4629429548464,200.769114832175,"C"
14058.5382815434,46.4062563062931,196.979503716363,"C"
16208.457239387,50.597804567784,207.365100236247,"B"
15988.3953094148,57.1077957667207,195.879110020895,"C"
16189.9639716638,52.8526409078831,199.506540951236,"C"
14821.1239717161,46.8413401295874,201.607987822914,"A"
14072.5068036202,41.2983208567632,203.950804098572,"C"
16033.1917180812,54.9317590015753,191.060865178848,"B"
14768.8770828964,47.0687715190787,196.58040135669,"A"
14934.9650772888,50.6461884848818,201.983121890259,"B"
13947.8466658479,51.5858094173206,197.713849794525,"B"
15511.3923252511,49.0615808866745,204.629984241128,"A"
14989.8900310818,49.7182976431631,198.683194732456,"A"
14463.9673586522,45.7726388003548,197.943874654194,"C"
16113.9251404859,49.0195104654223,197.374937762066,"B"
14206.7847330216,45.4209365843497,199.625037991129,"A"
14098.658271293,46.0544873294497,203.96143774462,"B"
16497.330135125,56.7044549248179,188.698686132095,"A"
16963.5188394396,47.5116419454771,203.294701474256,"A"
16343.329488561,51.5242698245082,201.115258332682,"B"
15008.5310426783,45.2209633228535,202.363787992076,"C"
16209.6383480531,54.2193344074482,200.181254269903,"B"
14681.7922006053,45.5822129785989,205.722957407028,"C"
14321.6956198425,50.3105144520154,200.699216656316,"B"
14514.0127775988,51.9101222795441,202.150559099553,"A"
13927.8759498347,50.5052360437451,201.480546061476,"B"
13259.3072627047,45.8880190899543,197.843294539219,"B"
17440.797888458,52.6394412401468,218.481713486672,"C"
15094.5717320478,44.2205652225259,200.427684940128,"A"
16160.7774434457,48.564564340477,197.884195360357,"C"
15583.0345692277,49.4823275114484,202.580809992,"A"
14554.1682732459,43.5806499182105,201.802470773255,"A"
16110.5449169445,51.9945893129312,199.235194033529,"A"
12881.914533771,42.2717095538386,199.337836999334,"C"
13505.4566195492,47.5356685274317,200.294229444705,"C"
12455.6237229545,41.1623028835239,200.348189241719,"C"
17000.3212134471,55.5416764371546,198.240857462807,"B"
14395.4325923556,45.6679987849446,194.955846085125,"B"
17069.6912723396,55.8883642637113,198.270172052901,"A"
14925.093074319,48.3016122156693,200.281037878738,"C"
15165.8466625127,50.6255072479087,200.116255327242,"A"
15894.4633381982,53.8022192134351,201.834606501077,"C"
15580.2496462831,48.6735787163586,204.576096653595,"B"
11429.5716336553,39.2810578687639,198.817151559591,"A"
14009.1672661237,47.6931327813147,198.680360835633,"C"
13759.9701388143,49.0831567193705,199.557762348038,"B"
14393.1892102633,49.859536682844,196.215400871149,"A"
16258.1400491978,50.1237669222506,206.675225768483,"A"
16018.9563925042,54.473573737758,192.642409970787,"C"
15654.1068254062,50.0018080521003,200.47546186565,"C"
11751.9743749575,38.0032515401933,199.110040545056,"C"
16356.9317003349,51.1750107281741,197.824637510636,"C"
15903.1225590079,49.9707583539998,200.489953180342,"B"
14542.3966478425,50.9934377301396,196.314003417647,"B"
15871.7319468816,48.9590728523883,202.063145993082,"C"
18517.6093091225,55.2285761335683,197.747617832589,"A"
16061.481168694,50.031990251896,206.525046039336,"B"
13687.9108816238,43.36903686797,201.755005609541,"C"
19747.3924618275,62.0617281907985,195.944444495831,"B"
14978.2573828627,48.8509738251289,201.998475118161,"B"
15126.0677998713,48.0401787008741,200.881005801206,"C"
17101.4307829866,54.9735171188365,197.971699091171,"A"
15127.4469793026,46.7226872310377,205.894583854334,"B"
10803.0304180714,38.6133439917082,198.895763737191,"C"
14417.3086582393,48.5229123058227,198.509453418695,"A"
15041.8147954905,47.2571846548717,198.759533438126,"A"
15523.3731412786,51.4711204323344,194.058893407901,"B"
17908.0617031684,58.6981039013709,193.233101664524,"A"
14939.5532943918,47.5482118195278,202.429482233625,"B"
15814.4299903957,50.7381867776022,203.255407391422,"C"
15724.0125534026,50.7941193610786,200.996252849132,"C"
14348.4551245222,45.8534762518462,197.474803392963,"A"
15639.9997225161,48.9376923158327,195.53982622449,"B"
15143.9454794951,44.4288888655408,202.297270674153,"C"
16044.4321753447,50.1916002706244,199.391169087554,"A"
13684.7453629224,40.0862199959441,200.160617386743,"C"
16132.3140740381,51.3523301514801,200.347004030292,"C"
15035.0849928705,47.8073135353032,203.484080106158,"A"
20336.6621518201,60.4295356904078,201.489632652343,"A"
15567.609317633,50.956901730981,201.370166652079,"A"
14740.0509609784,49.6810727833117,202.340633774773,"C"
16010.7981976622,50.3805628809464,204.925154116823,"B"
18266.3576516834,57.8712357120484,206.441554218731,"B"
15483.2398720737,54.0019325008741,204.674803433928,"B"
15994.041859618,50.587866409895,198.686414695201,"C"
17381.9880308361,55.3102529623971,198.468985415736,"C"
15708.1684550018,51.786208780673,203.763465627948,"B"
18257.4913794227,60.5184695682662,198.808083177852,"A"
16242.3766271529,51.046388118513,192.988164173565,"B"
15475.9230362261,49.593731459128,198.909556956548,"B"
14052.1879454801,46.6415284338363,199.46721781063,"B"
13340.6647598104,49.2250305639089,194.3767024596,"B"
16383.4377316337,54.8354140933354,191.628810465183,"A"
15437.6629429772,47.3258455536381,195.45884029377,"C"
14376.85749909,49.3721018642182,198.868859734905,"B"
15074.5350257843,49.5141774669138,197.937627366777,"B"
17371.764646033,51.446308748609,203.886816779035,"A"
16561.8563710668,54.3174668144463,197.773826680054,"C"
13258.0044872193,46.0598443936517,199.418870256982,"C"
16247.6645720463,52.512914583285,198.495175555112,"A"
16354.3229792026,52.1126737513478,199.459024775989,"C"
16429.7263485417,50.9723805504395,201.683803055925,"C"
15883.0593470359,52.0302010577677,202.317661156447,"B"
17220.9066316008,45.7123111842744,203.927398363048,"B"
15386.2005277216,49.5956036555701,198.376984801152,"A"
13790.6176433379,43.1048098016937,201.455791386447,"C"
16356.0792308043,50.7006216852709,206.87283597982,"A"
13859.8003395662,49.7083232226676,190.220230984789,"C"
20631.1119432285,61.9566723545262,198.228343014236,"A"
14465.6406433312,48.5218811741324,198.052511460954,"A"
11628.0796570036,33.7134333745391,198.364047207549,"C"
14164.1899865398,46.6421953876701,202.183686883752,"A"
15438.539312415,50.5298836362123,196.994133947626,"A"
12733.5970659212,39.2283702888551,204.064481155379,"B"
13954.4121312775,47.9041895004324,197.528025992483,"A"
12723.4897876777,45.1781203008634,202.181558790135,"A"
14865.8477491589,47.2979617640828,196.795486699535,"A"
15465.9791786104,50.6641186252116,200.766789367165,"A"
12216.577903779,41.9426456429348,204.375902948074,"A"
15668.8138852106,50.8172043821305,201.271709073806,"A"
15476.0445927764,47.8462975513419,198.929795220845,"A"
14359.9830642474,47.0191200818774,200.080792442869,"B"
14418.3259394434,44.3947375231672,210.119431874824,"C"
19510.1169135911,56.9033995151016,203.742133131551,"B"
16044.2509835722,52.0280559946153,199.525026390829,"C"
15336.5682748961,49.9360390303757,200.504856691436,"B"
18232.9523700579,57.7190255495936,202.334593064083,"B"
16971.3792006289,54.8052368621027,197.078314232856,"A"
16832.469629153,52.5443060377446,193.548420464285,"B"
15816.6616131618,48.7971691663573,199.009127254092,"C"
13774.373370307,44.1283680589305,197.180295886738,"C"
14052.4916234929,46.5522146342375,202.619476883954,"B"
12356.2603402556,41.5973902708764,196.952180654693,"B"
13553.0266038869,53.6812575512272,197.731846956481,"B"
16380.2833722929,51.9902843696528,196.758605334095,"A"
14309.4019653147,46.6341570704465,200.88100572028,"C"
15882.4037492474,53.987286685857,195.563370804805,"A"
18378.160428722,59.2548160174803,202.420558778019,"B"
15309.0546910343,49.9690696406343,199.806837969044,"A"
14920.9409509809,48.8262228104553,198.72379805934,"C"
16955.8098975645,55.9767467279154,198.026405815003,"A"
14911.5649858512,49.6523398412596,197.118760828725,"B"
13630.143563879,44.9924741499855,191.511259319443,"B"
15285.264633914,44.8056058870423,201.483444936153,"C"
16740.4422518052,51.5508576111796,198.634874909326,"A"
16952.4883846785,54.0606509590672,198.392927083889,"B"
15325.6546071869,48.7198229140001,202.689155126992,"B"
17190.5365563535,55.0602865872996,204.113892382536,"A"
11961.9256575372,38.9584627193341,196.789269406156,"A"
13918.3322225759,50.3994611473614,200.036793860601,"C"
16975.8438117666,52.504006532246,201.006305772033,"B"
17153.4962227594,52.6712585433308,204.35137332148,"B"
12324.1046341321,41.3476360050632,195.356869808462,"B"
18996.1111324363,54.6232029392736,203.117414047867,"C"
16976.621683322,52.2336048285693,201.041365484616,"A"
20431.94295831,60.139533916725,199.230882032403,"C"
13460.0451310064,45.5979679890458,195.174655303196,"A"
16077.8708622349,52.2110186616561,201.081332804019,"A"
14851.0179336693,51.3097211773489,199.316991780242,"A"
14692.9437668905,50.9420729627366,200.721121598898,"B"
14749.080299765,44.1075405184436,201.070410248277,"B"
14426.404492424,45.1405701787029,196.662116304659,"A"
14093.3728841477,44.6103981618857,201.831672135599,"A"
13256.4140938111,42.7641681357126,198.329401300527,"B"
16412.564987062,53.5553448506096,199.201335552587,"B"
16984.5314591945,50.0253439955007,200.946277930781,"C"
14523.5491528464,49.1055439348938,201.194842499295,"C"
16221.3116448968,54.630853480742,192.576928933541,"A"
15861.1042354986,45.8084112417499,203.916301836516,"B"
15516.8884838056,47.7069126166588,198.85346924492,"B"
14162.5050288183,47.8512134834646,201.512179000667,"B"
15041.043287933,47.0126609045951,196.356351313719,"C"
16723.0035515721,51.417383990602,207.388924154061,"A"
14872.3663840319,51.7476712277626,196.441264412716,"A"
14600.4616350963,50.2051618790818,201.617960316097,"B"
14543.6302205307,48.0519519680764,197.435566842798,"C"
18104.8005194503,57.2444570526594,201.632513495356,"C"
14723.11909596,49.1422503059969,194.391443014719,"C"
14414.4191880204,49.6528250127858,201.641518305674,"C"
13847.4651259057,47.2741118921957,198.14165722728,"A"
18262.8445631447,64.2896587092083,201.243176235072,"B"
16014.4863633055,49.6228096716856,195.146031784006,"C"
14188.2348513153,50.5559035772906,186.28625518816,"B"
12052.1553115172,40.7719527586136,203.870264798105,"A"
14279.3281414655,52.3075190961764,198.590208984199,"C"
18136.2629394001,64.35553667562,200.972273424129,"B"
12925.4319761384,40.8352031773997,202.010710964614,"B"
17309.7257032961,55.2440823978096,203.25245838235,"C"
17277.1816030051,56.7208856094281,195.933363917154,"B"
15650.0230238333,51.5779579040888,202.42842456878,"C"
10983.0442991333,38.9465627255346,200.598578660062,"C"
15476.8285898021,52.9250693948863,197.680567995881,"C"
13666.5958041772,41.8616183482898,199.774601874182,"A"
13018.0217240441,44.0675016211416,202.121537382036,"B"
14912.3136808769,48.8764189812153,198.052471329223,"B"
15583.6601840505,48.6212815510157,202.006468226429,"B"
14204.964334965,48.9402410979235,195.50300955034,"C"
